{
 "pval": [ 0.5143637, 0.4584208, 0.4113698, 0.2543944 ],
"enr": [ 5.784025, 2.688389, 2.982404, 6.157256 ],
"pathnames": [ "Cysteine and methionine metabolism", "Purine metabolism", "Metabolism of xenobiotics by cytochrome P450", "Porphyrin metabolism" ] 
}
