{
 "pval": [ 1.385271, 1.294778, 0.5644423, 0.2942731 ],
"enr": [  6.14496, 5.320564, 6.610259, 7.036802 ],
"pathnames": [ "Purine metabolism", "Steroid biosynthesis", "Cysteine and methionine metabolism", "Porphyrin metabolism" ] 
}
