{
 "pval": [ 2.225315, 1.440908, 0.8580175, 0.5824951 ],
"enr": [ 29.55374, 21.81406, 10.90715, 4.771903 ],
"pathnames": [ "Porphyrin metabolism", "Arginine biosynthesis", "Alanine, aspartate and glutamate metabolism", "Metabolism of xenobiotics by cytochrome P450" ] 
}
