{
 "pval": [ 1.003366, 0.2942731, 0.2505497, 0.08826194 ],
"enr": [ 5.740528, 7.036802, 5.073052, 2.761287 ],
"pathnames": [ "Drug metabolism - other enzymes", "Porphyrin metabolism", "Arachidonic acid metabolism", "Steroid hormone biosynthesis" ] 
}
