"","Comp 1","Comp 2","Comp 3","Comp 4","Comp 5","Comp 6","Comp 7","Comp 8"
"K205L_L",-7.8013,-5.8936,-26.957,-7.933,-0.61494,-0.37535,0.69857,2.1662
"K205R_L_1",-7.7868,-2.875,-26.874,-3.5795,-3.2727,-0.86419,-1.9468,-3.1402
"K205R_L_2",-17.6,0.91011,24.697,-0.18883,-5.7476,-4.151,-2.1752,0.84495
"K205L_R",-4.6861,-2.1469,-21.187,-0.46299,3.4361,5.5823,2.37,2.0824
"K205R_R_1",-16.884,3.4079,28.026,4.2621,2.8954,4.5379,2.0611,1.129
"K205R_R_2",0.12684,-21.256,-1.9305,7.8207,5.2513,-4.946,0.66538,-3.524
"BLANK1",12.331,-7.9757,21.032,-4.7135,-4.0307,6.5043,0.25656,-4.9345
"BLANK2",16.253,-14.534,11.769,-0.0077368,-1.9595,-1.1812,-0.77904,6.5039
"M1",6.3766,12.921,17.335,-10.705,6.785,-4.6366,0.60088,-0.96436
"M2",7.8274,13.87,-9.1054,4.677,-4.4312,-2.5392,4.4148,0.60087
"M3",5.0771,10.685,-7.7378,4.5399,3.2999,2.8868,-6.3105,0.9817
"M4",6.7661,12.887,-9.0674,6.2905,-1.6112,-0.81784,0.14425,-1.7459
