{
 "pval": [ 1.303923, 1.185639, 0.8974634, 0.8974634, 0.6219657, 0.4166765, 0.05122039 ],
"enr": [ 10.28278, 4.039751, 21.20846, 8.483203, 3.688404, 2.389658, 2.147674 ],
"pathnames": [ "Cysteine and methionine metabolism", "Tyrosine metabolism", "Taurine and hypotaurine metabolism", "Pantothenate and CoA biosynthesis", "Primary bile acid biosynthesis", "Purine metabolism", "Steroid hormone biosynthesis" ] 
}
