"","t.stat","p.value","-log10(p)","FDR"
"503.6004944",6.5206,1.3549e-05,4.8681,0.027614
"488.589325",5.9234,3.7146e-05,4.4301,0.037852
